Workbook

Sheet Data
A1: Country | B1: Start Date | C1: Year | D1: Week | E1: Population | F1: Total Deaths | G1: Covid Deaths | H1: Expected Deaths | I1: Excess Deaths
A2: Belgium | B2: =DATE(C2, 1, 1) + (D2 - 1) * 7 -> 43831 | C2: 2020 | D2: 1 | E2: 11611420 | F2: 2234 | G2: 0 | H2: 2346.9302 | I2: -112.93024
A3: Belgium | B3: =DATE(C3, 1, 1) + (D3 - 1) * 7 -> 43838 | C3: 2020 | D3: 2 | E3: 11611420 | F3: 2388 | G3: 0 | H3: 2406.9302 | I3: -18.930243
A4: Belgium | B4: =DATE(C4, 1, 1) + (D4 - 1) * 7 -> 43845 | C4: 2020 | D4: 3 | E4: 11611420 | F4: 2314 | G4: 0 | H4: 2387.2636 | I4: -73.263577
A5: Belgium | B5: =DATE(C5, 1, 1) + (D5 - 1) * 7 -> 43852 | C5: 2020 | D5: 4 | E5: 11611420 | F5: 2204 | G5: 0 | H5: 2368.5969 | I5: -164.59691
A6: Belgium | B6: =DATE(C6, 1, 1) + (D6 - 1) * 7 -> 43859 | C6: 2020 | D6: 5 | E6: 11611420 | F6: 2356 | G6: 0 | H6: 2466.9302 | I6: -110.93024
A7: Belgium | B7: =DATE(C7, 1, 1) + (D7 - 1) * 7 -> 43866 | C7: 2020 | D7: 6 | E7: 11611420 | F7: 2169 | G7: 0 | H7: 2417.7636 | I7: -248.76358
A8: Belgium | B8: =DATE(C8, 1, 1) + (D8 - 1) * 7 -> 43873 | C8: 2020 | D8: 7 | E8: 11611420 | F8: 2307 | G8: 0 | H8: 2470.0969 | I8: -163.09691
A9: Belgium | B9: =DATE(C9, 1, 1) + (D9 - 1) * 7 -> 43880 | C9: 2020 | D9: 8 | E9: 11611420 | F9: 2301 | G9: 0 | H9: 2439.2636 | I9: -138.26358
A10: Belgium | B10: =DATE(C10, 1, 1) + (D10 - 1) * 7 -> 43887 | C10: 2020 | D10: 9 | E10: 11611420 | F10: 2249 | G10: 0 | H10: 2523.9163 | I10: -274.91629
A11: Belgium | B11: =DATE(C11, 1, 1) + (D11 - 1) * 7 -> 43894 | C11: 2020 | D11: 10 | E11: 11611420 | F11: 2212 | G11: 0 | H11: 2431.9163 | I11: -219.91629
A12: Belgium | B12: =DATE(C12, 1, 1) + (D12 - 1) * 7 -> 43901 | C12: 2020 | D12: 11 | E12: 11611420 | F12: 2234 | G12: 4 | H12: 2323.7163 | I12: -89.716292
A13: Belgium | B13: =DATE(C13, 1, 1) + (D13 - 1) * 7 -> 43908 | C13: 2020 | D13: 12 | E13: 11611420 | F13: 2554 | G13: 71 | H13: 2301.3163 | I13: 252.68371
... A5596: United States | B5596: =DATE(C5596, 1, 1) + (D5596 - 1) * 7 -> 44716 | C5596: 2022 | D5596: 23 | E5596: 336997624 | F5596: 57710 | G5596: 2770 | H5596: 54923.314 | I5596: 2786.6856

Sheet DashBoard
B1: GLOBAL COVID-19 & EXCESS MORTALITY DASHBOARD
B2: 2020 | E2: Selected Year | F2: =B2 -> 2020 | G2: Avg Excess Per 100k | H2: =AVERAGE(Calcs!J6:J45) -> 75.222587
E3: Total Global Excess Deaths | F3: =SUM(Calcs!I6:I45) -> 1144335.2 | G3: High Impact Country | H3: =INDEX(Calcs!F6:F45, MATCH(MAX(Calcs!J6:J45), Calcs!J6:J45, 0)) -> Lithuania

Sheet Calcs
A3: Combo Box | F3: Country Analysis Engine
F4: Country | G4: Covid Deaths | H4: Expected Deaths | I4: Excess Deaths | J4: Excess Per 100k
A5: Unique List - Year | F5: Bulgaria | G5: =SUMIFS(Data!G:G, Data!A:A, F5, Data!C:C, $A$15) -> 7678 | H5: =SUMIFS(Data!H:H, Data!A:A, F5, Data!C:C, $A$15) -> 108768.34 | I5: =SUMIFS(Data!I:I, Data!A:A, F5, Data!C:C, $A$15) -> 17807.656 | J5: =IFERROR((I5 / _xlfn.MAXIFS(Data!E:E, Data!A:A, F5)) * 100000, 0) -> 258.61163 | L5: Country | M5: Excess Per 100k
A6: 2020 | F6: Lithuania | G6: =SUMIFS(Data!G:G, Data!A:A, F6, Data!C:C, $A$15) -> 1943 | H6: =SUMIFS(Data!H:H, Data!A:A, F6, Data!C:C, $A$15) -> 37817.057 | I6: =SUMIFS(Data!I:I, Data!A:A, F6, Data!C:C, $A$15) -> 6504.9425 | J6: =IFERROR((I6 / _xlfn.MAXIFS(Data!E:E, Data!A:A, F6)) * 100000, 0) -> 233.43226 | L6: =INDEX($F$6:$F$45, MATCH(LARGE($J$6:$J$45, ROW(A1)), $J$6:$J$45, 0)) -> Lithuania | M6: 258.61
A7: 2021 | F7: Croatia | G7: =SUMIFS(Data!G:G, Data!A:A, F7, Data!C:C, $A$15) -> 4072 | H7: =SUMIFS(Data!H:H, Data!A:A, F7, Data!C:C, $A$15) -> 51827.483 | I7: =SUMIFS(Data!I:I, Data!A:A, F7, Data!C:C, $A$15) -> 6113.517 | J7: =IFERROR((I7 / _xlfn.MAXIFS(Data!E:E, Data!A:A, F7)) * 100000, 0) -> 150.57423 | L7: Croatia | M7: 233.43
A8: 2022 | F8: Greece | G8: =SUMIFS(Data!G:G, Data!A:A, F8, Data!C:C, $A$15) -> 4957 | H8: =SUMIFS(Data!H:H, Data!A:A, F8, Data!C:C, $A$15) -> 126792.61 | I8: =SUMIFS(Data!I:I, Data!A:A, F8, Data!C:C, $A$15) -> 6173.3933 | J8: =IFERROR((I8 / _xlfn.MAXIFS(Data!E:E, Data!A:A, F8)) * 100000, 0) -> 59.101748 | L8: Romania | M8: 198.44
F9: Latvia | G9: =SUMIFS(Data!G:G, Data!A:A, F9, Data!C:C, $A$15) -> 680 | H9: =SUMIFS(Data!H:H, Data!A:A, F9, Data!C:C, $A$15) -> 28288.853 | I9: =SUMIFS(Data!I:I, Data!A:A, F9, Data!C:C, $A$15) -> 1027.1468 | J9: =IFERROR((I9 / _xlfn.MAXIFS(Data!E:E, Data!A:A, F9)) * 100000, 0) -> 54.812765 | L9: Hungary | M9: 185.63
F10: Chile | G10: =SUMIFS(Data!G:G, Data!A:A, F10, Data!C:C, $A$15) -> 15710 | H10: =SUMIFS(Data!H:H, Data!A:A, F10, Data!C:C, $A$15) -> 113199.01 | I10: =SUMIFS(Data!I:I, Data!A:A, F10, Data!C:C, $A$15) -> 14258.99 | J10: =IFERROR((I10 / _xlfn.MAXIFS(Data!E:E, Data!A:A, F10)) * 100000, 0) -> 73.148595 | L10: Malta | M10: 170.67
A11: Selection | F11: Estonia | G11: =SUMIFS(Data!G:G, Data!A:A, F11, Data!C:C, $A$15) -> 250 | H11: =SUMIFS(Data!H:H, Data!A:A, F11, Data!C:C, $A$15) -> 15703.94 | I11: =SUMIFS(Data!I:I, Data!A:A, F11, Data!C:C, $A$15) -> 353.05955 | J11: =IFERROR((I11 / _xlfn.MAXIFS(Data!E:E, Data!A:A, F11)) * 100000, 0) -> 26.571783
A12: 1 | F12: South Korea | G12: =SUMIFS(Data!G:G, Data!A:A, F12, Data!C:C, $A$15) -> 981 | H12: =SUMIFS(Data!H:H, Data!A:A, F12, Data!C:C, $A$15) -> 309663.59 | I12: =SUMIFS(Data!I:I, Data!A:A, F12, Data!C:C, $A$15) -> -129.58933 | J12: =IFERROR((I12 / _xlfn.MAXIFS(Data!E:E, Data!A:A, F12)) * 100000, 0) -> -0.25002697
F13: Romania | G13: =SUMIFS(Data!G:G, Data!A:A, F13, Data!C:C, $A$15) -> 15979 | H13: =SUMIFS(Data!H:H, Data!A:A, F13, Data!C:C, $A$15) -> 263071.16 | I13: =SUMIFS(Data!I:I, Data!A:A, F13, Data!C:C, $A$15) -> 38355.842 | J13: =IFERROR((I13 / _xlfn.MAXIFS(Data!E:E, Data!A:A, F13)) * 100000, 0) -> 198.44128
A14: Selected Year | F14: Finland | G14: =SUMIFS(Data!G:G, Data!A:A, F14, Data!C:C, $A$15) -> 605 | H14: =SUMIFS(Data!H:H, Data!A:A, F14, Data!C:C, $A$15) -> 55218.715 | I14: =SUMIFS(Data!I:I, Data!A:A, F14, Data!C:C, $A$15) -> 1018.285 | J14: =IFERROR((I14 / _xlfn.MAXIFS(Data!E:E, Data!A:A, F14)) * 100000, 0) -> 18.393903
A15: =DashBoard!B2 -> 2020 | F15: Iceland | G15: =SUMIFS(Data!G:G, Data!A:A, F15, Data!C:C, $A$15) -> 29 | H15: =SUMIFS(Data!H:H, Data!A:A, F15, Data!C:C, $A$15) -> 2349.762 | I15: =SUMIFS(Data!I:I, Data!A:A, F15, Data!C:C, $A$15) -> -5.761985 | J15: =IFERROR((I15 / _xlfn.MAXIFS(Data!E:E, Data!A:A, F15)) * 100000, 0) -> -1.5558845
F16: United States | G16: =SUMIFS(Data!G:G, Data!A:A, F16, Data!C:C, $A$15) -> 356159 | H16: =SUMIFS(Data!H:H, Data!A:A, F16, Data!C:C, $A$15) -> 2956756.8 | I16: =SUMIFS(Data!I:I, Data!A:A, F16, Data!C:C, $A$15) -> 484069.22 | J16: =IFERROR((I16 / _xlfn.MAXIFS(Data!E:E, Data!A:A, F16)) * 100000, 0) -> 143.64173
F17: Slovakia | G17: =SUMIFS(Data!G:G, Data!A:A, F17, Data!C:C, $A$15) -> 2317 | H17: =SUMIFS(Data!H:H, Data!A:A, F17, Data!C:C, $A$15) -> 54209.408 | I17: =SUMIFS(Data!I:I, Data!A:A, F17, Data!C:C, $A$15) -> 6055.5919 | J17: =IFERROR((I17 / _xlfn.MAXIFS(Data!E:E, Data!A:A, F17)) * 100000, 0) -> 111.16028
F18: Portugal | G18: =SUMIFS(Data!G:G, Data!A:A, F18, Data!C:C, $A$15) -> 7118 | H18: =SUMIFS(Data!H:H, Data!A:A, F18, Data!C:C, $A$15) -> 114111.81 | I18: =SUMIFS(Data!I:I, Data!A:A, F18, Data!C:C, $A$15) -> 11644.195 | J18: =IFERROR((I18 / _xlfn.MAXIFS(Data!E:E, Data!A:A, F18)) * 100000, 0) -> 113.15916
F19: Norway | G19: =SUMIFS(Data!G:G, Data!A:A, F19, Data!C:C, $A$15) -> 436 | H19: =SUMIFS(Data!H:H, Data!A:A, F19, Data!C:C, $A$15) -> 41092.638 | I19: =SUMIFS(Data!I:I, Data!A:A, F19, Data!C:C, $A$15) -> 101.3618 | J19: =IFERROR((I19 / _xlfn.MAXIFS(Data!E:E, Data!A:A, F19)) * 100000, 0) -> 1.8760208
F20: Cyprus | G20: =SUMIFS(Data!G:G, Data!A:A, F20, Data!C:C, $A$15) -> 130 | H20: =SUMIFS(Data!H:H, Data!A:A, F20, Data!C:C, $A$15) -> 6315.2391 | I20: =SUMIFS(Data!I:I, Data!A:A, F20, Data!C:C, $A$15) -> 333.76086 | J20: =IFERROR((I20 / _xlfn.MAXIFS(Data!E:E, Data!A:A, F20)) * 100000, 0) -> 37.249805
F21: Israel | G21: =SUMIFS(Data!G:G, Data!A:A, F21, Data!C:C, $A$15) -> 3416 | H21: =SUMIFS(Data!H:H, Data!A:A, F21, Data!C:C, $A$15) -> 46432.399 | I21: =SUMIFS(Data!I:I, Data!A:A, F21, Data!C:C, $A$15) -> 3113.6009 | J21: =IFERROR((I21 / _xlfn.MAXIFS(Data!E:E, Data!A:A, F21)) * 100000, 0) -> 33.512011
F22: Colombia | G22: =SUMIFS(Data!G:G, Data!A:A, F22, Data!C:C, $A$15) -> 43965 | H22: =SUMIFS(Data!H:H, Data!A:A, F22, Data!C:C, $A$15) -> 251477.73 | I22: =SUMIFS(Data!I:I, Data!A:A, F22, Data!C:C, $A$15) -> 54628.27 | J22: =IFERROR((I22 / _xlfn.MAXIFS(Data!E:E, Data!A:A, F22)) * 100000, 0) -> 106.04021
F23: Austria | G23: =SUMIFS(Data!G:G, Data!A:A, F23, Data!C:C, $A$15) -> 0 | H23: =SUMIFS(Data!H:H, Data!A:A, F23, Data!C:C, $A$15) -> 0 | I23: =SUMIFS(Data!I:I, Data!A:A, F23, Data!C:C, $A$15) -> 0 | J23: =IFERROR((I23 / _xlfn.MAXIFS(Data!E:E, Data!A:A, F23)) * 100000, 0) -> 0
F24: Poland | G24: =SUMIFS(Data!G:G, Data!A:A, F24, Data!C:C, $A$15) -> 29119 | H24: =SUMIFS(Data!H:H, Data!A:A, F24, Data!C:C, $A$15) -> 420223.62 | I24: =SUMIFS(Data!I:I, Data!A:A, F24, Data!C:C, $A$15) -> 65380.381 | J24: =IFERROR((I24 / _xlfn.MAXIFS(Data!E:E, Data!A:A, F24)) * 100000, 0) -> 170.67153
F25: Malta | G25: =SUMIFS(Data!G:G, Data!A:A, F25, Data!C:C, $A$15) -> 222 | H25: =SUMIFS(Data!H:H, Data!A:A, F25, Data!C:C, $A$15) -> 3839.5515 | I25: =SUMIFS(Data!I:I, Data!A:A, F25, Data!C:C, $A$15) -> 260.4485 | J25: =IFERROR((I25 / _xlfn.MAXIFS(Data!E:E, Data!A:A, F25)) * 100000, 0) -> 49.444611
F26: Italy | G26: =SUMIFS(Data!G:G, Data!A:A, F26, Data!C:C, $A$15) -> 75363 | H26: =SUMIFS(Data!H:H, Data!A:A, F26, Data!C:C, $A$15) -> 646893.42 | I26: =SUMIFS(Data!I:I, Data!A:A, F26, Data!C:C, $A$15) -> 109968.58 | J26: =IFERROR((I26 / _xlfn.MAXIFS(Data!E:E, Data!A:A, F26)) * 100000, 0) -> 185.63128
F27: New Zealand | G27: =SUMIFS(Data!G:G, Data!A:A, F27, Data!C:C, $A$15) -> 26 | H27: =SUMIFS(Data!H:H, Data!A:A, F27, Data!C:C, $A$15) -> 35282.855 | I27: =SUMIFS(Data!I:I, Data!A:A, F27, Data!C:C, $A$15) -> -2088.8552 | J27: =IFERROR((I27 / _xlfn.MAXIFS(Data!E:E, Data!A:A, F27)) * 100000, 0) -> -40.720585
... F44: Luxembourg | G44: =SUMIFS(Data!G:G, Data!A:A, F44, Data!C:C, $A$15) -> 497 | H44: =SUMIFS(Data!H:H, Data!A:A, F44, Data!C:C, $A$15) -> 4447.4974 | I44: =SUMIFS(Data!I:I, Data!A:A, F44, Data!C:C, $A$15) -> 219.50262 | J44: =IFERROR((I44 / _xlfn.MAXIFS(Data!E:E, Data!A:A, F44)) * 100000, 0) -> 34.333711
